product,review_text
Laptop Pro,Amazing performance and battery life. Highly recommend!
Laptop Pro,Great laptop but delivery was delayed by 3 days
Laptop Pro,Excellent build quality and fast processing
Laptop Pro,Packaging was damaged but product is fine
Laptop Pro,Best laptop I've ever owned. Worth every penny!
Laptop Pro,Good laptop but a bit overpriced
Laptop Pro,Fast shipping and great product quality
Laptop Pro,The screen is beautiful and keyboard feels premium
Laptop Pro,Delivery took 5 days longer than expected
Laptop Pro,Arrived with a small dent in the corner
Wireless Mouse,Very comfortable and responsive. Love it!
Wireless Mouse,Stopped working after 2 weeks. Poor quality.
Wireless Mouse,Great mouse for the price
Wireless Mouse,Delivery was late and packaging was poor
Wireless Mouse,Excellent product. Works perfectly!
Wireless Mouse,Battery life is amazing. Highly satisfied!
Wireless Mouse,Ergonomic design is perfect for long hours
Wireless Mouse,Shipping was fast but box was crushed
Wireless Mouse,Quality is terrible. Buttons feel cheap.
Wireless Mouse,Works great but took forever to arrive
USB-C Cable,Cable broke after one month of use
USB-C Cable,Good quality and fast charging
USB-C Cable,Terrible quality. Not worth the money.
USB-C Cable,Works as expected. Good value.
USB-C Cable,Packaging was terrible. Cable arrived damaged.
USB-C Cable,Durable and charges quickly. Recommended!
USB-C Cable,Stopped working after 2 weeks
USB-C Cable,Great cable but delivery was slow
USB-C Cable,Poor quality materials. Broke easily.
USB-C Cable,Fast charging works perfectly
Mechanical Keyboard,Best keyboard ever! Great typing experience.
Mechanical Keyboard,Too loud for office use
Mechanical Keyboard,Excellent build quality and feel
Mechanical Keyboard,Delivery took forever. Product is good though.
Mechanical Keyboard,Amazing keyboard. Highly satisfied!
Mechanical Keyboard,Keys are responsive and feel premium
Mechanical Keyboard,Packaging was damaged during shipping
Mechanical Keyboard,RGB lighting is beautiful
Mechanical Keyboard,Arrived 4 days late but worth the wait
Mechanical Keyboard,Quality is outstanding. Love the switches!
Monitor 27inch,Crystal clear display. Perfect for work!
Monitor 27inch,Good monitor but stand is wobbly
Monitor 27inch,Excellent color accuracy
Monitor 27inch,Arrived with a dead pixel. Had to return.
Monitor 27inch,Great monitor for the price
Monitor 27inch,Shipping was delayed by a week
Monitor 27inch,Picture quality is stunning
Monitor 27inch,Packaging was poor. Screen had scratches.
Monitor 27inch,Best monitor I've owned. Highly recommend!
Monitor 27inch,Delivery was late but product is excellent
Gaming Headset,Sound quality is incredible. Best purchase!
Gaming Headset,Microphone stopped working after 1 month
Gaming Headset,Comfortable for long gaming sessions
Gaming Headset,Delivery was delayed by 5 days
Gaming Headset,Amazing bass and clear audio
Gaming Headset,Packaging was damaged but headset works fine
Gaming Headset,Ear cups are very comfortable
Gaming Headset,Poor quality. Broke after 3 weeks.
Gaming Headset,Great headset but shipping took too long
Gaming Headset,Sound is crisp and mic quality is good
Gaming Headset,Arrived late but product exceeded expectations
Gaming Headset,Build quality feels cheap for the price
Webcam HD,Crystal clear video quality. Perfect for meetings!
Webcam HD,Stopped working after 2 weeks. Terrible quality.
Webcam HD,Great webcam for the price
Webcam HD,Delivery was very slow
Webcam HD,Image quality is excellent in good lighting
Webcam HD,Packaging was poor. Arrived damaged.
Webcam HD,Easy to set up and works perfectly
Webcam HD,Quality is not as advertised. Disappointed.
Webcam HD,Shipping took forever but product is good
Webcam HD,Best webcam for remote work
External SSD 1TB,Super fast transfer speeds. Love it!
External SSD 1TB,Stopped working after 1 month. Poor quality.
External SSD 1TB,Great storage solution
External SSD 1TB,Delivery was delayed significantly
External SSD 1TB,Fast and reliable. Highly recommend!
External SSD 1TB,Packaging was damaged during shipping
External SSD 1TB,Excellent performance and build quality
External SSD 1TB,Failed after 3 weeks. Very disappointed.
External SSD 1TB,Shipping was slow but product works great
External SSD 1TB,Perfect for backups and file transfers
Desk Lamp LED,Bright and adjustable. Perfect for my desk!
Desk Lamp LED,Stopped working after 2 months
Desk Lamp LED,Great lamp for the price
Desk Lamp LED,Delivery took too long
Desk Lamp LED,Excellent lighting and energy efficient
Desk Lamp LED,Packaging was poor. Lamp arrived broken.
Desk Lamp LED,Brightness levels are perfect
Desk Lamp LED,Quality is not great. Feels flimsy.
Desk Lamp LED,Shipping was delayed but lamp works well
Desk Lamp LED,Love the adjustable arm and brightness
Phone Stand,Sturdy and well-designed. Highly recommend!
Phone Stand,Broke after 1 week. Terrible quality.
Phone Stand,Great stand for the price
Phone Stand,Delivery was very late
Phone Stand,Perfect angle and very stable
Phone Stand,Packaging was damaged. Stand was scratched.
Phone Stand,Works perfectly for video calls
Phone Stand,Poor quality materials. Not worth it.
Phone Stand,Shipping took forever but stand is good
Phone Stand,Best phone stand I've purchased
Phone Stand,Adjustable and durable. Love it!
Phone Stand,Arrived late but quality is excellent
Bluetooth Speaker,Amazing sound quality for the size!
Bluetooth Speaker,Stopped working after 3 weeks
Bluetooth Speaker,Great speaker with deep bass
Bluetooth Speaker,Delivery was delayed by a week
Bluetooth Speaker,Battery life is impressive
Bluetooth Speaker,Packaging was poor. Speaker was damaged.
Bluetooth Speaker,Sound is clear and loud
Bluetooth Speaker,Quality is disappointing. Not worth the price.
Bluetooth Speaker,Shipping was slow but speaker works great
Bluetooth Speaker,Perfect for outdoor use. Highly satisfied!
